Date,Province,Cumulative number of people (Vaccinedose1),Cumulative percent of people (Vaccinedose1)
2020-12-19,Newfoundland and Labrador,972,0
2020-12-19,Nova Scotia,1092,0
2020-12-19,Quebec,4728,0
2020-12-19,Manitoba,894,0
2020-12-19,Saskatchewan,1048,0
2020-12-19,British Columbia,3634,0
2020-12-19,Yukon,0,0
2020-12-19,Northwest Territories,0,0
2020-12-19,Nunavut,0,0
2020-12-26,Newfoundland and Labrador,1785,0
2020-12-26,Prince Edward Island,1152,0
2020-12-26,Nova Scotia,2218,0
2020-12-26,New Brunswick,2606,0
2020-12-26,Quebec,17221,0
2020-12-26,Manitoba,2177,0
2020-12-26,Saskatchewan,1782,0
2020-12-26,Alberta,4792,0
2020-12-26,British Columbia,12447,0
2020-12-26,Yukon,0,0
2020-12-26,Northwest Territories,0,0
2020-12-26,Nunavut,0,0
2021-01-02,Newfoundland and Labrador,1785,0
2021-01-02,Prince Edward Island,1674,1
2021-01-02,Nova Scotia,2720,0
2021-01-02,New Brunswick,2886,0
2021-01-02,Quebec,28310,0
2021-01-02,Manitoba,3432,0
2021-01-02,Saskatchewan,3540,0
2021-01-02,Alberta,13383,0
2021-01-02,British Columbia,24670,0
2021-01-02,Yukon,0,0
2021-01-02,Northwest Territories,130,0
2021-01-02,Nunavut,0,0
2021-01-09,Newfoundland and Labrador,2847,0
2021-01-09,Prince Edward Island,2485,1
2021-01-09,Nova Scotia,2755,0
2021-01-09,New Brunswick,6241,0
2021-01-09,Quebec,83298,1
2021-01-09,Manitoba,8694,0
2021-01-09,Saskatchewan,5528,0
2021-01-09,Alberta,44298,1
2021-01-09,British Columbia,60215,1
2021-01-09,Yukon,495,1
2021-01-09,Northwest Territories,511,1
2021-01-09,Nunavut,26,0
2021-01-16,Newfoundland and Labrador,4250,0
2021-01-16,Prince Edward Island,4308,2
2021-01-16,Nova Scotia,5740,0
2021-01-16,New Brunswick,7918,1
2021-01-16,Quebec,145783,1
2021-01-16,Ontario,189240,1
2021-01-16,Manitoba,16499,1
2021-01-16,Saskatchewan,14323,1
2021-01-16,Alberta,81859,1
2021-01-16,British Columbia,89715,1
2021-01-16,Yukon,1309,3
2021-01-16,Northwest Territories,1891,4
2021-01-16,Nunavut,2141,5
2021-01-23,Newfoundland and Labrador,7448,1
2021-01-23,Prince Edward Island,5231,3
2021-01-23,Nova Scotia,8288,0
2021-01-23,New Brunswick,11516,1
2021-01-23,Quebec,218827,2
2021-01-23,Ontario,249132,1
2021-01-23,Manitoba,25839,1
2021-01-23,Saskatchewan,23687,2
2021-01-23,Alberta,89557,2
2021-01-23,British Columbia,118152,2
2021-01-23,Yukon,3950,9
2021-01-23,Northwest Territories,9471,21
2021-01-23,Nunavut,4448,11
2021-01-30,Newfoundland and Labrador,8353,1
2021-01-30,Prince Edward Island,5286,3
2021-01-30,Nova Scotia,12090,1
2021-01-30,New Brunswick,12791,1
2021-01-30,Quebec,239499,2
2021-01-30,Ontario,270795,1
2021-01-30,Manitoba,32441,2
2021-01-30,Saskatchewan,27235,2
2021-01-30,Alberta,90238,2
2021-01-30,British Columbia,135503,2
2021-01-30,Yukon,7355,17
2021-01-30,Northwest Territories,12247,28
2021-01-30,Nunavut,5464,13
2021-02-06,Newfoundland and Labrador,8890,1
2021-02-06,Prince Edward Island,5309,3
2021-02-06,Nova Scotia,12849,1
2021-02-06,New Brunswick,13262,1
2021-02-06,Quebec,257501,3
2021-02-06,Ontario,277440,1
2021-02-06,Manitoba,33641,2
2021-02-06,Saskatchewan,29782,2
2021-02-06,Alberta,90668,2
2021-02-06,British Columbia,143002,2
2021-02-06,Yukon,10447,24
2021-02-06,Northwest Territories,12830,29
2021-02-06,Nunavut,5864,14
2021-02-13,Newfoundland and Labrador,9792,1
2021-02-13,Prince Edward Island,5697,3
2021-02-13,Nova Scotia,14727,1
2021-02-13,New Brunswick,13661,1
2021-02-13,Quebec,293739,3
2021-02-13,Ontario,292983,2
2021-02-13,Manitoba,34848,2
2021-02-13,Saskatchewan,32883,2
2021-02-13,Alberta,94996,2
2021-02-13,British Columbia,149190,2
2021-02-13,Yukon,10524,24
2021-02-13,Northwest Territories,13575,31
2021-02-13,Nunavut,6496,16
2021-02-20,Newfoundland and Labrador,10436,2
2021-02-20,Prince Edward Island,6458,3
2021-02-20,Nova Scotia,14915,1
2021-02-20,New Brunswick,15271,1
2021-02-20,Quebec,345987,4
2021-02-20,Ontario,319915,2
2021-02-20,Manitoba,36279,2
2021-02-20,Saskatchewan,37784,3
2021-02-20,Alberta,103236,2
2021-02-20,British Columbia,164249,3
2021-02-20,Yukon,10613,24
2021-02-20,Northwest Territories,14517,33
2021-02-20,Nunavut,6973,17
2021-02-27,Newfoundland and Labrador,16623,3
2021-02-27,Prince Edward Island,7371,4
2021-02-27,Nova Scotia,19734,2
2021-02-27,New Brunswick,21700,2
2021-02-27,Quebec,431743,5
2021-02-27,Ontario,425162,2
2021-02-27,Manitoba,46651,3
2021-02-27,Saskatchewan,46310,3
2021-02-27,Alberta,139961,3
2021-02-27,British Columbia,192763,3
2021-02-27,Yukon,10959,25
2021-02-27,Northwest Territories,15214,35
2021-02-27,Nunavut,7396,18
2021-03-06,Newfoundland and Labrador,21087,4
2021-03-06,Prince Edward Island,8678,5
2021-03-06,Nova Scotia,25011,2
2021-03-06,New Brunswick,26329,3
2021-03-06,Quebec,548031,6
2021-03-06,Ontario,619315,4
2021-03-06,Manitoba,59400,4
2021-03-06,Saskatchewan,56522,4
2021-03-06,Alberta,202240,4
2021-03-06,British Columbia,247556,4
2021-03-06,Yukon,14565,33
2021-03-06,Northwest Territories,17053,39
2021-03-06,Nunavut,9199,23
2021-03-13,Newfoundland and Labrador,27418,5
2021-03-13,Prince Edward Island,10397,6
2021-03-13,Nova Scotia,31964,3
2021-03-13,New Brunswick,39189,5
2021-03-13,Quebec,714034,8
2021-03-13,Ontario,874937,5
2021-03-13,Manitoba,72282,5
2021-03-13,Saskatchewan,69655,5
2021-03-13,Alberta,288021,6
2021-03-13,British Columbia,323189,6
2021-03-13,Yukon,19181,44
2021-03-13,Northwest Territories,19685,45
2021-03-13,Nunavut,10276,26
2021-03-20,Newfoundland and Labrador,38915,7
2021-03-20,Prince Edward Island,13008,7
2021-03-20,Nova Scotia,40820,4
2021-03-20,New Brunswick,49626,6
2021-03-20,Quebec,945382,11
2021-03-20,Ontario,1225457,8
2021-03-20,Manitoba,90578,6
2021-03-20,Saskatchewan,101130,8
2021-03-20,Alberta,388455,8
2021-03-20,British Columbia,453484,8
2021-03-20,Yukon,22146,51
2021-03-20,Northwest Territories,22113,50
2021-03-20,Nunavut,11858,30
2021-03-27,Newfoundland and Labrador,51244,9
2021-03-27,Prince Edward Island,15302,9
2021-03-27,Nova Scotia,64681,6
2021-03-27,New Brunswick,80204,10
2021-03-27,Quebec,1218798,14
2021-03-27,Ontario,1672351,11
2021-03-27,Manitoba,117810,8
2021-03-27,Saskatchewan,134591,11
2021-03-27,Alberta,504407,11
2021-03-27,British Columbia,613971,11
2021-03-27,Yukon,23028,53
2021-03-27,Northwest Territories,23721,54
2021-03-27,Nunavut,13141,33
2021-04-03,Newfoundland and Labrador,78734,15
2021-04-03,Prince Edward Island,19830,12
2021-04-03,Nova Scotia,83796,8
2021-04-03,New Brunswick,110951,14
2021-04-03,Quebec,1524363,17
2021-04-03,Ontario,2171573,14
2021-04-03,Manitoba,147826,10
2021-04-03,Saskatchewan,182451,15
2021-04-03,Alberta,600594,13
2021-04-03,British Columbia,807585,15
2021-04-03,Yukon,23414,54
2021-04-03,Northwest Territories,24102,55
2021-04-03,Nunavut,13415,34
2021-04-10,Newfoundland and Labrador,100594,19
2021-04-10,Prince Edward Island,26330,16
2021-04-10,Nova Scotia,116818,11
2021-04-10,New Brunswick,135849,17
2021-04-10,Quebec,1873389,21
2021-04-10,Ontario,2808322,18
2021-04-10,Manitoba,215922,15
2021-04-10,Saskatchewan,249571,21
2021-04-10,Alberta,728292,16
2021-04-10,British Columbia,1022386,19
2021-04-10,Yukon,23872,55
2021-04-10,Northwest Territories,24745,56
2021-04-10,Nunavut,13730,34
2021-04-17,Newfoundland and Labrador,122808,23
2021-04-17,Prince Edward Island,33443,20
2021-04-17,Nova Scotia,173886,17
2021-04-17,New Brunswick,182776,23
2021-04-17,Quebec,2325284,27
2021-04-17,Ontario,3493866,23
2021-04-17,Manitoba,267700,19
2021-04-17,Saskatchewan,309498,26
2021-04-17,Alberta,932880,21
2021-04-17,British Columbia,1289561,24
2021-04-17,Yukon,24317,56
2021-04-17,Northwest Territories,25374,58
2021-04-17,Nunavut,14252,36
2021-04-24,Newfoundland and Labrador,147423,28
2021-04-24,Prince Edward Island,39609,24
2021-04-24,Nova Scotia,238566,24
2021-04-24,New Brunswick,219409,27
2021-04-24,Quebec,2773237,32
2021-04-24,Ontario,4268812,28
2021-04-24,Manitoba,349534,25
2021-04-24,Saskatchewan,360124,30
2021-04-24,Alberta,1127370,25
2021-04-24,British Columbia,1543285,29
2021-04-24,Yukon,24817,57
2021-04-24,Northwest Territories,25856,59
2021-04-24,Nunavut,15163,38
2021-05-01,Newfoundland and Labrador,171285,32
2021-05-01,Prince Edward Island,45455,27
2021-05-01,Nova Scotia,283812,28
2021-05-01,New Brunswick,244129,30
2021-05-01,Quebec,3109499,36
2021-05-01,Ontario,4951946,33
2021-05-01,Manitoba,412267,29
2021-05-01,Saskatchewan,406910,34
2021-05-01,Alberta,1305432,29
2021-05-01,British Columbia,1781904,34
2021-05-01,Yukon,25192,58
2021-05-01,Northwest Territories,26332,60
2021-05-01,Nunavut,16055,40
2021-05-08,Newfoundland and Labrador,193584,37
2021-05-08,Prince Edward Island,52667,32
2021-05-08,Nova Scotia,326139,32
2021-05-08,New Brunswick,277851,35
2021-05-08,Quebec,3538654,41
2021-05-08,Ontario,5754150,38
2021-05-08,Manitoba,473652,34
2021-05-08,Saskatchewan,481852,40
2021-05-08,Alberta,1556400,35
2021-05-08,British Columbia,2048552,39
2021-05-08,Yukon,25731,59
2021-05-08,Northwest Territories,27308,62
2021-05-08,Nunavut,16419,41
2021-05-15,Newfoundland and Labrador,225770,43
2021-05-15,Prince Edward Island,62209,37
2021-05-15,Nova Scotia,388511,39
2021-05-15,New Brunswick,323472,41
2021-05-15,Quebec,4073258,47
2021-05-15,Ontario,6638361,44
2021-05-15,Manitoba,560533,40
2021-05-15,Saskatchewan,554319,47
2021-05-15,Alberta,1850072,41
2021-05-15,British Columbia,2393401,45
2021-05-15,Yukon,26242,60
2021-05-15,Northwest Territories,28358,65
2021-05-15,Nunavut,16713,42
2021-05-22,Newfoundland and Labrador,260190,50
2021-05-22,Prince Edward Island,71427,43
2021-05-22,Nova Scotia,460948,46
2021-05-22,New Brunswick,387011,49
2021-05-22,Quebec,4602209,53
2021-05-22,Ontario,7537294,50
2021-05-22,Manitoba,643349,46
2021-05-22,Saskatchewan,604766,51
2021-05-22,Alberta,1854382,41
2021-05-22,British Columbia,2739776,52
2021-05-22,Yukon,26731,62
2021-05-22,Northwest Territories,28895,66
2021-05-22,Nunavut,17035,43
2021-05-29,Newfoundland and Labrador,290038,55
2021-05-29,Prince Edward Island,79901,48
2021-05-29,Nova Scotia,537868,54
2021-05-29,New Brunswick,432216,54
2021-05-29,Quebec,5077148,59
2021-05-29,Ontario,8298869,56
2021-05-29,Manitoba,728662,52
2021-05-29,Saskatchewan,642413,54
2021-05-29,Alberta,2357833,53
2021-05-29,British Columbia,3063827,58
2021-05-29,Yukon,27038,62
2021-05-29,Northwest Territories,29591,68
2021-05-29,Nunavut,17235,43
2021-06-05,Newfoundland and Labrador,318238,61
2021-06-05,Prince Edward Island,89837,54
2021-06-05,Nova Scotia,590905,59
2021-06-05,New Brunswick,484535,61
2021-06-05,Quebec,5529418,64
2021-06-05,Ontario,8963082,60
2021-06-05,Manitoba,786098,56
2021-06-05,Saskatchewan,661054,56
2021-06-05,Alberta,2511236,56
2021-06-05,British Columbia,3307406,63
2021-06-05,Yukon,27303,63
2021-06-05,Northwest Territories,25667,59
2021-06-05,Nunavut,17806,45
2021-06-12,Newfoundland and Labrador,343290,65
2021-06-12,Prince Edward Island,99362,60
2021-06-12,Nova Scotia,644668,65
2021-06-12,New Brunswick,510209,64
2021-06-12,Quebec,5809725,67
2021-06-12,Ontario,9413440,63
2021-06-12,Manitoba,825173,59
2021-06-12,Saskatchewan,680921,57
2021-06-12,Alberta,2589472,58
2021-06-12,British Columbia,3419622,65
2021-06-12,Yukon,27594,64
2021-06-12,Northwest Territories,26114,60
2021-06-12,Nunavut,18258,46
2021-06-19,Newfoundland and Labrador,363831,69
2021-06-19,Prince Edward Island,108970,66
2021-06-19,Nova Scotia,687356,69
2021-06-19,New Brunswick,521297,66
2021-06-19,Quebec,5941904,69
2021-06-19,Ontario,9677721,65
2021-06-19,Manitoba,849464,61
2021-06-19,Saskatchewan,698082,59
2021-06-19,Alberta,2638391,59
2021-06-19,British Columbia,3475832,66
2021-06-19,Yukon,28208,65
2021-06-19,Northwest Territories,26581,61
2021-06-19,Nunavut,19963,50
2021-06-26,Newfoundland and Labrador,378807,72
2021-06-26,Prince Edward Island,114442,69
2021-06-26,Nova Scotia,698309,70
2021-06-26,New Brunswick,531245,67
2021-06-26,Quebec,5996065,69
2021-06-26,Ontario,9864684,66
2021-06-26,Manitoba,870030,62
2021-06-26,Saskatchewan,710021,60
2021-06-26,Alberta,2663494,59
2021-06-26,British Columbia,3549916,68
2021-06-26,Yukon,30426,70
2021-06-26,Northwest Territories,26938,62
2021-06-26,Nunavut,21064,53
2021-07-03,Newfoundland and Labrador,384504,73
2021-07-03,Prince Edward Island,117274,71
2021-07-03,Nova Scotia,703055,70
2021-07-03,New Brunswick,537891,68
2021-07-03,Quebec,6047454,70
2021-07-03,Ontario,10006851,67
2021-07-03,Manitoba,894428,64
2021-07-03,Saskatchewan,719305,61
2021-07-03,Alberta,2717742,61
2021-07-03,British Columbia,3603679,69
2021-07-03,Yukon,30803,71
2021-07-03,Northwest Territories,27206,62
2021-07-03,Nunavut,21505,54
2021-07-10,Newfoundland and Labrador,392429,75
2021-07-10,Prince Edward Island,119749,72
2021-07-10,Nova Scotia,711307,71
2021-07-10,New Brunswick,545921,69
2021-07-10,Quebec,6095711,70
2021-07-10,Ontario,10142704,68
2021-07-10,Manitoba,914318,66
2021-07-10,Saskatchewan,729040,61
2021-07-10,Alberta,2747926,61
2021-07-10,British Columbia,3650613,70
2021-07-10,Yukon,31191,72
2021-07-10,Northwest Territories,27445,63
2021-07-10,Nunavut,22034,55
2021-07-17,Newfoundland and Labrador,397427,76
2021-07-17,Prince Edward Island,121913,74
2021-07-17,Nova Scotia,724947,73
2021-07-17,New Brunswick,552572,70
2021-07-17,Quebec,6147601,71
2021-07-17,Ontario,10269103,69
2021-07-17,Manitoba,929567,67
2021-07-17,Saskatchewan,736435,62
2021-07-17,Alberta,2779941,62
2021-07-17,British Columbia,3689083,70
2021-07-17,Yukon,31424,72
2021-07-17,Northwest Territories,27704,63
2021-07-17,Nunavut,22506,57
2021-07-24,Newfoundland and Labrador,399946,76
2021-07-24,Prince Edward Island,123234,75
2021-07-24,Nova Scotia,728671,73
2021-07-24,New Brunswick,559688,70
2021-07-24,Quebec,6199112,72
2021-07-24,Ontario,10383281,70
2021-07-24,Manitoba,943121,68
2021-07-24,Saskatchewan,743551,63
2021-07-24,Alberta,2803897,63
2021-07-24,British Columbia,3723811,71
2021-07-24,Yukon,31642,73
2021-07-24,Northwest Territories,27910,64
2021-07-24,Nunavut,22742,57
2021-07-31,Newfoundland and Labrador,403456,77
2021-07-31,Prince Edward Island,124530,75
2021-07-31,Nova Scotia,736474,74
2021-07-31,New Brunswick,565166,71
2021-07-31,Quebec,6239810,72
2021-07-31,Ontario,10485065,70
2021-07-31,Manitoba,958899,69
2021-07-31,Saskatchewan,749424,63
2021-07-31,Alberta,2825516,63
2021-07-31,British Columbia,3757483,72
2021-07-31,Yukon,31870,73
2021-07-31,Northwest Territories,28087,64
2021-07-31,Nunavut,22932,58
2021-08-07,Newfoundland and Labrador,407370,78
2021-08-07,Prince Edward Island,125660,76
2021-08-07,Nova Scotia,744097,75
2021-08-07,New Brunswick,569327,72
2021-08-07,Quebec,6284824,73
2021-08-07,Ontario,10553582,71
2021-08-07,Manitoba,965803,69
2021-08-07,Saskatchewan,753498,63
2021-08-07,Alberta,2842134,64
2021-08-07,British Columbia,3787832,72
2021-08-07,Yukon,32065,74
2021-08-07,Northwest Territories,28271,65
2021-08-07,Nunavut,23132,58
2021-08-14,Newfoundland and Labrador,411260,79
2021-08-14,Prince Edward Island,126543,77
2021-08-14,Nova Scotia,747651,75
2021-08-14,New Brunswick,573062,72
2021-08-14,Quebec,6343431,73
2021-08-14,Ontario,10624677,71
2021-08-14,Manitoba,971605,70
2021-08-14,Saskatchewan,757553,64
2021-08-14,Alberta,2858602,64
2021-08-14,British Columbia,3815915,73
2021-08-14,Yukon,32169,74
2021-08-14,Northwest Territories,28492,65
2021-08-14,Nunavut,23305,59
2021-08-21,Newfoundland and Labrador,413918,79
2021-08-21,Prince Edward Island,127418,77
2021-08-21,Nova Scotia,750104,75
2021-08-21,New Brunswick,577159,73
2021-08-21,Quebec,6400913,74
2021-08-21,Ontario,10712555,72
2021-08-21,Manitoba,976886,70
2021-08-21,Saskatchewan,762659,64
2021-08-21,Alberta,2876600,64
2021-08-21,British Columbia,3841612,73
2021-08-21,Yukon,32284,74
2021-08-21,Northwest Territories,28882,66
2021-08-21,Nunavut,23527,59
2021-08-28,Newfoundland and Labrador,416570,80
2021-08-28,Prince Edward Island,128223,78
2021-08-28,Nova Scotia,755395,76
2021-08-28,New Brunswick,581890,73
2021-08-28,Quebec,6459261,75
2021-08-28,Ontario,10797333,72
2021-08-28,Manitoba,983935,71
2021-08-28,Saskatchewan,768609,65
2021-08-28,Alberta,2898859,65
2021-08-28,British Columbia,3888929,74
2021-08-28,Yukon,32417,75
2021-08-28,Northwest Territories,29268,67
2021-08-28,Nunavut,23708,60
2021-09-04,Newfoundland and Labrador,418923,80
2021-09-04,Prince Edward Island,128980,78
2021-09-04,Nova Scotia,758774,76
2021-09-04,New Brunswick,591185,74
2021-09-04,Quebec,6522882,75
2021-09-04,Ontario,10886925,73
2021-09-04,Manitoba,995895,72
2021-09-04,Saskatchewan,775050,65
2021-09-04,Alberta,2925095,65
2021-09-04,British Columbia,3925357,75
2021-09-04,Yukon,32522,75
2021-09-04,Northwest Territories,29500,67
2021-09-04,Nunavut,23874,60
2021-09-11,Newfoundland and Labrador,421222,80
2021-09-11,Prince Edward Island,129623,78
2021-09-11,Nova Scotia,764090,77
2021-09-11,New Brunswick,594428,75
2021-09-11,Quebec,6575582,76
2021-09-11,Ontario,10997962,74
2021-09-11,Manitoba,1004844,72
2021-09-11,Saskatchewan,780710,66
2021-09-11,Alberta,2947934,66
2021-09-11,British Columbia,3961804,76
2021-09-11,Yukon,32616,75
2021-09-11,Northwest Territories,29758,68
2021-09-11,Nunavut,24120,61
2021-09-18,Newfoundland and Labrador,423500,81
2021-09-18,Prince Edward Island,130542,79
2021-09-18,Nova Scotia,771532,77
2021-09-18,New Brunswick,602471,76
2021-09-18,Quebec,6627179,77
2021-09-18,Ontario,11088718,74
2021-09-18,Manitoba,1013099,73
2021-09-18,Saskatchewan,791178,67
2021-09-18,Alberta,3031198,68
2021-09-18,British Columbia,4007201,76
2021-09-18,Yukon,32687,75
2021-09-18,Northwest Territories,29985,69
2021-09-18,Nunavut,24392,61
2021-09-25,Newfoundland and Labrador,426570,81
2021-09-25,Prince Edward Island,131534,80
2021-09-25,Nova Scotia,778358,78
2021-09-25,New Brunswick,613721,77
2021-09-25,Quebec,6655870,77
2021-09-25,Ontario,11191067,75
2021-09-25,Manitoba,1018930,73
2021-09-25,Saskatchewan,805671,68
2021-09-25,Alberta,3089325,69
2021-09-25,British Columbia,4047010,77
2021-09-25,Yukon,32692,75
2021-09-25,Northwest Territories,30183,69
2021-09-25,Nunavut,24714,62
2021-10-02,Newfoundland and Labrador,430575,82
2021-10-02,Prince Edward Island,132561,80
2021-10-02,Nova Scotia,784933,79
2021-10-02,New Brunswick,622821,78
2021-10-02,Quebec,6681973,77
2021-10-02,Ontario,11272941,76
2021-10-02,Manitoba,1024702,74
2021-10-02,Saskatchewan,819733,69
2021-10-02,Alberta,3136368,70
2021-10-02,British Columbia,4070961,78
2021-10-02,Yukon,32832,76
2021-10-02,Northwest Territories,30387,69
2021-10-02,Nunavut,24980,63
2021-10-09,Newfoundland and Labrador,435167,83
2021-10-09,Prince Edward Island,133929,81
2021-10-09,Nova Scotia,792389,79
2021-10-09,New Brunswick,630749,79
2021-10-09,Quebec,6708668,78
2021-10-09,Ontario,11346301,76
2021-10-09,Manitoba,1031804,74
2021-10-09,Saskatchewan,834583,70
2021-10-09,Alberta,3175136,71
2021-10-09,British Columbia,4096828,78
2021-10-09,Yukon,32874,76
2021-10-09,Northwest Territories,30613,70
2021-10-09,Nunavut,25227,64
2021-10-16,Newfoundland and Labrador,440564,84
2021-10-16,Prince Edward Island,134760,82
2021-10-16,Nova Scotia,799522,80
2021-10-16,New Brunswick,635683,80
2021-10-16,Quebec,6733718,78
2021-10-16,Ontario,11401106,76
2021-10-16,Manitoba,1038086,75
2021-10-16,Saskatchewan,842725,71
2021-10-16,Alberta,3203485,72
2021-10-16,British Columbia,4115184,78
2021-10-16,Yukon,32952,76
2021-10-16,Northwest Territories,30818,70
2021-10-16,Nunavut,25658,65
2021-10-23,Newfoundland and Labrador,447737,86
2021-10-23,Prince Edward Island,135535,82
2021-10-23,Nova Scotia,805627,81
2021-10-23,New Brunswick,639574,81
2021-10-23,Quebec,6756410,78
2021-10-23,Ontario,11454409,77
2021-10-23,Manitoba,1042822,75
2021-10-23,Saskatchewan,850351,72
2021-10-23,Alberta,3229562,72
2021-10-23,British Columbia,4134599,79
2021-10-23,Yukon,33168,76
2021-10-23,Northwest Territories,31121,71
2021-10-23,Nunavut,26045,66
2021-10-30,Newfoundland and Labrador,451476,86
2021-10-30,Prince Edward Island,136074,82
2021-10-30,Nova Scotia,809673,81
2021-10-30,New Brunswick,642535,81
2021-10-30,Quebec,6771587,78
2021-10-30,Ontario,11497222,77
2021-10-30,Manitoba,1046884,75
2021-10-30,Saskatchewan,856422,72
2021-10-30,Alberta,3244251,73
2021-10-30,British Columbia,4150753,79
2021-10-30,Yukon,33324,77
2021-10-30,Northwest Territories,31338,72
2021-10-30,Nunavut,26276,66
2021-11-06,Newfoundland and Labrador,453632,87
2021-11-06,Prince Edward Island,136407,83
2021-11-06,Nova Scotia,812111,81
2021-11-06,New Brunswick,644193,81
2021-11-06,Quebec,6784982,78
2021-11-06,Ontario,11532131,77
2021-11-06,Manitoba,1050396,75
2021-11-06,Saskatchewan,861603,73
2021-11-06,Alberta,3258867,73
2021-11-06,British Columbia,4164608,79
2021-11-06,Yukon,33446,77
2021-11-06,Northwest Territories,31540,72
2021-11-06,Nunavut,26442,67
2021-11-13,Newfoundland and Labrador,455271,87
2021-11-13,Prince Edward Island,136866,83
2021-11-13,Nova Scotia,814073,82
2021-11-13,New Brunswick,645577,81
2021-11-13,Quebec,6800256,79
2021-11-13,Ontario,11565749,78
2021-11-13,Manitoba,1053146,76
2021-11-13,Saskatchewan,865526,73
2021-11-13,Alberta,3272662,73
2021-11-13,British Columbia,4175893,80
2021-11-13,Yukon,33544,77
2021-11-13,Northwest Territories,31540,72
2021-11-13,Nunavut,26672,67
2021-11-20,Newfoundland and Labrador,457061,87
2021-11-20,Prince Edward Island,137201,83
2021-11-20,Nova Scotia,821401,82
2021-11-20,New Brunswick,647285,82
2021-11-20,Quebec,6815316,79
2021-11-20,Ontario,11598644,78
2021-11-20,Manitoba,1056316,76
2021-11-20,Saskatchewan,869166,73
2021-11-20,Alberta,3290358,74
2021-11-20,British Columbia,4185544,80
2021-11-20,Yukon,33687,78
2021-11-20,Northwest Territories,31780,73
2021-11-20,Nunavut,26961,68
2021-11-27,Newfoundland and Labrador,461243,88
2021-11-27,Prince Edward Island,138117,84
2021-11-27,Nova Scotia,823590,83
2021-11-27,New Brunswick,650624,82
2021-11-27,Quebec,6879325,80
2021-11-27,Ontario,11678129,78
2021-11-27,Manitoba,1066767,77
2021-11-27,Saskatchewan,886181,75
2021-11-27,Alberta,3351130,75
2021-11-27,British Columbia,4194552,80
2021-11-27,Yukon,33880,78
2021-11-27,Northwest Territories,32080,73
2021-11-27,Nunavut,27213,69
2021-12-04,Newfoundland and Labrador,468499,90
2021-12-04,Prince Edward Island,139658,85
2021-12-04,Nova Scotia,833699,84
2021-12-04,New Brunswick,659336,83
2021-12-04,Quebec,7008037,81
2021-12-04,Ontario,11809917,79
2021-12-04,Manitoba,1089070,78
2021-12-04,Saskatchewan,907463,76
2021-12-04,Alberta,3365876,75
2021-12-04,British Columbia,4231616,81
2021-12-04,Yukon,34071,79
2021-12-04,Northwest Territories,33247,76
2021-12-04,Nunavut,28046,71
2021-12-11,Newfoundland and Labrador,476178,91
2021-12-11,Prince Edward Island,140945,85
2021-12-11,Nova Scotia,852630,85
2021-12-11,New Brunswick,668548,84
2021-12-11,Quebec,7118244,82
2021-12-11,Ontario,11944371,80
2021-12-11,Manitoba,1102066,79
2021-12-11,Saskatchewan,916367,77
2021-12-11,Alberta,3398445,76
2021-12-11,British Columbia,4280705,82
2021-12-11,Yukon,34637,80
2021-12-11,Northwest Territories,33802,77
2021-12-11,Nunavut,29451,74
2021-12-18,Newfoundland and Labrador,483543,92
2021-12-18,Prince Edward Island,142524,86
2021-12-18,Nova Scotia,864395,87
2021-12-18,New Brunswick,675236,85
2021-12-18,Quebec,7201353,83
2021-12-18,Ontario,12038634,81
2021-12-18,Manitoba,1113721,80
2021-12-18,Saskatchewan,921734,78
2021-12-18,Alberta,3423483,77
2021-12-18,British Columbia,4321212,82
2021-12-18,Yukon,35502,82
2021-12-18,Northwest Territories,34040,78
2021-12-18,Nunavut,29803,75
2021-12-25,Newfoundland and Labrador,485454,93
2021-12-25,Prince Edward Island,143635,87
2021-12-25,Nova Scotia,868894,87
2021-12-25,New Brunswick,678025,85
2021-12-25,Quebec,7237210,84
2021-12-25,Ontario,12114044,81
2021-12-25,Manitoba,1119954,80
2021-12-25,Saskatchewan,925421,78
2021-12-25,Alberta,3442633,77
2021-12-25,British Columbia,4358089,83
2021-12-25,Yukon,35823,83
2021-12-25,Northwest Territories,34040,78
2021-12-25,Nunavut,30158,76
2022-01-01,Newfoundland and Labrador,485985,93
2022-01-01,Prince Edward Island,143842,87
2022-01-01,Nova Scotia,872959,88
2022-01-01,New Brunswick,680085,86
2022-01-01,Quebec,7251377,84
2022-01-01,Ontario,12160616,82
2022-01-01,Manitoba,1122812,81
2022-01-01,Saskatchewan,928229,78
2022-01-01,Alberta,3456323,77
2022-01-01,British Columbia,4375218,83
2022-01-01,Yukon,35884,83
2022-01-01,Northwest Territories,34247,78
2022-01-01,Nunavut,30515,77
2022-01-08,Newfoundland and Labrador,488197,92
2022-01-08,Prince Edward Island,144646,84
2022-01-08,Nova Scotia,875792,85
2022-01-08,New Brunswick,683759,84
2022-01-08,Quebec,7272984,83
2022-01-08,Ontario,12221966,80
2022-01-08,Manitoba,1128297,80
2022-01-08,Saskatchewan,933333,78
2022-01-08,Alberta,3473133,76
2022-01-08,British Columbia,4400247,82
2022-01-08,Yukon,36052,82
2022-01-08,Northwest Territories,34376,78
2022-01-08,Nunavut,30812,76
2022-01-15,Newfoundland and Labrador,488197,92
2022-01-15,Prince Edward Island,146403,85
2022-01-15,Nova Scotia,880861,86
2022-01-15,New Brunswick,687148,84
2022-01-15,Quebec,7304130,84
2022-01-15,Ontario,12295318,81
2022-01-15,Manitoba,1133742,80
2022-01-15,Saskatchewan,939139,78
2022-01-15,Alberta,3491701,76
2022-01-15,British Columbia,4424104,83
2022-01-15,Yukon,36092,82
2022-01-15,Northwest Territories,34515,79
2022-01-15,Nunavut,31128,76
2022-01-22,Newfoundland and Labrador,493587,93
2022-01-22,Prince Edward Island,147591,86
2022-01-22,Nova Scotia,884139,86
2022-01-22,New Brunswick,690436,85
2022-01-22,Quebec,7330275,84
2022-01-22,Ontario,12353617,81
2022-01-22,Manitoba,1138415,80
2022-01-22,Saskatchewan,943785,79
2022-01-22,Alberta,3507630,77
2022-01-22,British Columbia,4442841,83
2022-01-22,Yukon,36254,82
2022-01-22,Northwest Territories,34630,79
2022-01-22,Nunavut,31423,77
2022-01-30,Newfoundland and Labrador,495133,94
2022-01-30,Prince Edward Island,148260,86
2022-01-30,Nova Scotia,887053,87
2022-01-30,New Brunswick,693025,85
2022-01-30,Quebec,7347364,84
2022-01-30,Ontario,12396636,82
2022-01-30,Manitoba,1142241,81
2022-01-30,Saskatchewan,947703,79
2022-01-30,Alberta,3522746,77
2022-01-30,British Columbia,4456918,83
2022-01-30,Yukon,36343,82
2022-01-30,Northwest Territories,34719,79
2022-01-30,Nunavut,31681,78
2022-02-06,Newfoundland and Labrador,495987,94
2022-02-06,Prince Edward Island,148680,87
2022-02-06,Nova Scotia,889683,87
2022-02-06,New Brunswick,694645,85
2022-02-06,Quebec,7356355,84
2022-02-06,Ontario,12429510,82
2022-02-06,Manitoba,1145025,81
2022-02-06,Saskatchewan,949487,79
2022-02-06,Alberta,3530244,77
2022-02-06,British Columbia,4467960,84
2022-02-06,Yukon,36386,82
2022-02-06,Northwest Territories,34801,79
2022-02-06,Nunavut,32035,79
2022-02-13,Newfoundland and Labrador,496844,94
2022-02-13,Prince Edward Island,149127,87
2022-02-13,Nova Scotia,891327,87
2022-02-13,New Brunswick,696029,85
2022-02-13,Quebec,7368725,84
2022-02-13,Ontario,12457832,82
2022-02-13,Manitoba,1147621,81
2022-02-13,Saskatchewan,950828,79
2022-02-13,Alberta,3535101,77
2022-02-13,British Columbia,4475663,84
2022-02-13,Yukon,36457,82
2022-02-13,Northwest Territories,34886,80
2022-02-13,Nunavut,32353,79
2022-02-20,Newfoundland and Labrador,497446,94
2022-02-20,Prince Edward Island,149351,87
2022-02-20,Nova Scotia,895864,87
2022-02-20,New Brunswick,696808,85
2022-02-20,Quebec,7374683,84
2022-02-20,Ontario,12477223,82
2022-02-20,Manitoba,1149474,81
2022-02-20,Saskatchewan,951556,79
2022-02-20,Alberta,3539255,77
2022-02-20,British Columbia,4490516,84
2022-02-20,Yukon,36488,83
2022-02-20,Northwest Territories,34923,80
2022-02-20,Nunavut,32561,80
2022-02-27,Newfoundland and Labrador,497920,94
2022-02-27,Prince Edward Island,149521,87
2022-02-27,Nova Scotia,896522,87
2022-02-27,New Brunswick,697403,85
2022-02-27,Quebec,7378913,84
2022-02-27,Ontario,12489709,82
2022-02-27,Manitoba,1150490,81
2022-02-27,Saskatchewan,952153,79
2022-02-27,Alberta,3541971,78
2022-02-27,British Columbia,4494515,84
2022-02-27,Yukon,36499,83
2022-02-27,Northwest Territories,34958,80
2022-02-27,Nunavut,32644,80
2022-03-06,Newfoundland and Labrador,498102,94
2022-03-06,Prince Edward Island,149633,87
2022-03-06,Nova Scotia,896923,88
2022-03-06,New Brunswick,697744,85
2022-03-06,Quebec,7381667,84
2022-03-06,Ontario,12498492,82
2022-03-06,Manitoba,1151502,81
2022-03-06,Saskatchewan,952749,79
2022-03-06,Alberta,3543997,78
2022-03-06,British Columbia,4497944,84
2022-03-06,Yukon,36490,83
2022-03-06,Northwest Territories,34958,80
2022-03-06,Nunavut,32741,80
2022-03-13,Newfoundland and Labrador,498283,94
2022-03-13,Prince Edward Island,149749,87
2022-03-13,Nova Scotia,897207,88
2022-03-13,New Brunswick,697997,86
2022-03-13,Quebec,7383909,84
2022-03-13,Ontario,12506368,82
2022-03-13,Manitoba,1152121,81
2022-03-13,Saskatchewan,953084,79
2022-03-13,Alberta,3545894,78
2022-03-13,British Columbia,4500983,84
2022-03-13,Yukon,36501,83
2022-03-13,Northwest Territories,35013,80
2022-03-13,Nunavut,32811,81
2022-03-20,Newfoundland and Labrador,498432,94
2022-03-20,Prince Edward Island,149823,87
2022-03-20,Nova Scotia,897451,88
2022-03-20,New Brunswick,698261,86
2022-03-20,Quebec,7377715,84
2022-03-20,Ontario,12513005,82
2022-03-20,Manitoba,1152704,81
2022-03-20,Saskatchewan,953403,79
2022-03-20,Alberta,3547819,78
2022-03-20,British Columbia,4503130,84
2022-03-20,Yukon,36513,83
2022-03-20,Northwest Territories,35029,80
2022-03-20,Nunavut,32884,81
2022-03-27,Newfoundland and Labrador,498548,94
2022-03-27,Prince Edward Island,149890,87
2022-03-27,Nova Scotia,898705,88
2022-03-27,New Brunswick,698479,86
2022-03-27,Quebec,7375995,84
2022-03-27,Ontario,12518007,82
2022-03-27,Manitoba,1153245,81
2022-03-27,Saskatchewan,953714,79
2022-03-27,Alberta,3549634,78
2022-03-27,British Columbia,4505751,84
2022-03-27,Yukon,36533,83
2022-03-27,Northwest Territories,35045,80
2022-03-27,Nunavut,32940,81
2022-04-03,Newfoundland and Labrador,498670,94
2022-04-03,Prince Edward Island,149941,87
2022-04-03,Nova Scotia,899011,88
2022-04-03,New Brunswick,698652,86
2022-04-03,Quebec,7377557,84
2022-04-03,Ontario,12523092,82
2022-04-03,Manitoba,1153603,81
2022-04-03,Saskatchewan,954009,79
2022-04-03,Alberta,3551369,78
2022-04-03,British Columbia,4507269,84
2022-04-03,Yukon,36537,83
2022-04-03,Northwest Territories,35054,80
2022-04-03,Nunavut,33009,81
2022-04-10,Newfoundland and Labrador,498753,94
2022-04-10,Prince Edward Island,149980,87
2022-04-10,Nova Scotia,899281,88
2022-04-10,New Brunswick,698817,86
2022-04-10,Quebec,7379460,84
2022-04-10,Ontario,12526296,82
2022-04-10,Manitoba,1154076,81
2022-04-10,Saskatchewan,954283,79
2022-04-10,Alberta,3552983,78
2022-04-10,British Columbia,4510170,84
2022-04-10,Yukon,36552,83
2022-04-10,Northwest Territories,35057,80
2022-04-10,Nunavut,33064,81
2022-04-24,Newfoundland and Labrador,498904,94
2022-04-24,Prince Edward Island,150076,87
2022-04-24,Nova Scotia,899803,88
2022-04-24,New Brunswick,699171,86
2022-04-24,Quebec,7383086,84
2022-04-24,Ontario,12537186,83
2022-04-24,Manitoba,1147979,81
2022-04-24,Saskatchewan,954920,79
2022-04-24,Alberta,3556699,78
2022-04-24,British Columbia,4514531,84
2022-04-24,Yukon,36565,83
2022-04-24,Northwest Territories,35077,80
2022-04-24,Nunavut,33117,81
2022-05-08,Newfoundland and Labrador,499164,94
2022-05-08,Prince Edward Island,150155,88
2022-05-08,Nova Scotia,900298,88
2022-05-08,New Brunswick,699543,86
2022-05-08,Quebec,7378249,84
2022-05-08,Ontario,12546587,83
2022-05-08,Manitoba,1148288,81
2022-05-08,Saskatchewan,955538,80
2022-05-08,Alberta,3560833,78
2022-05-08,British Columbia,4514324,84
2022-05-08,Yukon,36606,83
2022-05-08,Northwest Territories,35092,80
2022-05-08,Nunavut,33142,81
2022-05-22,Newfoundland and Labrador,499354,94
2022-05-22,Prince Edward Island,150248,88
2022-05-22,Nova Scotia,900733,88
2022-05-22,New Brunswick,699838,86
2022-05-22,Quebec,7381597,84
2022-05-22,Ontario,12555600,83
2022-05-22,Manitoba,1148563,81
2022-05-22,Saskatchewan,956150,80
2022-05-22,Alberta,3564293,78
2022-05-22,British Columbia,4518189,84
2022-05-22,Yukon,36629,83
2022-05-22,Northwest Territories,35115,80
2022-05-22,Nunavut,33170,81
2022-06-19,Newfoundland and Labrador,499706,95
2022-06-19,Prince Edward Island,150391,88
2022-06-19,Nova Scotia,901462,88
2022-06-19,New Brunswick,700533,86
2022-06-19,Quebec,7387093,85
2022-06-19,Ontario,12566850,83
2022-06-19,Manitoba,1149061,81
2022-06-19,Saskatchewan,957138,80
2022-06-19,Alberta,3569539,78
2022-06-19,British Columbia,4524033,85
2022-06-19,Yukon,36655,83
2022-06-19,Northwest Territories,35142,80
2022-06-19,Nunavut,33228,82
2022-07-17,Newfoundland and Labrador,500017,95
2022-07-17,Prince Edward Island,150548,88
2022-07-17,Nova Scotia,902193,88
2022-07-17,New Brunswick,701128,86
2022-07-17,Quebec,7380033,84
2022-07-17,Ontario,12573708,83
2022-07-17,Manitoba,1149563,81
2022-07-17,Saskatchewan,957997,80
2022-07-17,Alberta,3573383,78
2022-07-17,British Columbia,4527735,85
2022-07-17,Yukon,36671,83
2022-07-17,Northwest Territories,35142,80
2022-07-17,Nunavut,33293,82
2022-08-14,Newfoundland and Labrador,501184,95
2022-08-14,Prince Edward Island,151078,88
2022-08-14,Nova Scotia,905508,88
2022-08-14,New Brunswick,702070,86
2022-08-14,Quebec,6992319,80
2022-08-14,Ontario,12611718,83
2022-08-14,Manitoba,1151447,81
2022-08-14,Saskatchewan,961944,80
2022-08-14,Alberta,3585477,78
2022-08-14,British Columbia,4543239,85
2022-08-14,Yukon,36639,83
2022-08-14,Northwest Territories,34638,79
2022-08-14,Nunavut,32726,80
2022-09-11,Newfoundland and Labrador,502160,95
2022-09-11,Prince Edward Island,151533,88
2022-09-11,Nova Scotia,907253,89
2022-09-11,New Brunswick,703706,86
2022-09-11,Quebec,7001776,80
2022-09-11,Ontario,12644274,83
2022-09-11,Manitoba,1154499,81
2022-09-11,Saskatchewan,965206,80
2022-09-11,Alberta,3596158,79
2022-09-11,British Columbia,4556344,85
2022-09-11,Yukon,36821,83
2022-09-11,Northwest Territories,34721,79
2022-09-11,Nunavut,32763,80
2022-10-09,Newfoundland and Labrador,502638,95
2022-10-09,Prince Edward Island,151860,89
2022-10-09,Nova Scotia,908614,89
2022-10-09,New Brunswick,704410,86
2022-10-09,Quebec,7007518,80
2022-10-09,Ontario,12658798,83
2022-10-09,Manitoba,1156113,82
2022-10-09,Saskatchewan,966985,80
2022-10-09,Alberta,3601165,79
2022-10-09,British Columbia,4560777,85
2022-10-09,Yukon,36863,83
2022-10-09,Northwest Territories,34763,79
2022-10-09,Nunavut,32764,80
2022-11-06,Newfoundland and Labrador,503396,95
2022-11-06,Prince Edward Island,152145,89
2022-11-06,Nova Scotia,909865,89
2022-11-06,New Brunswick,704808,86
2022-11-06,Quebec,7013192,80
2022-11-06,Ontario,12670372,83
2022-11-06,Manitoba,1157581,82
2022-11-06,Saskatchewan,969428,81
2022-11-06,Alberta,3605381,79
2022-11-06,British Columbia,4567535,85
2022-11-06,Yukon,36999,84
2022-11-06,Northwest Territories,34716,79
2022-11-06,Nunavut,32777,80
2022-12-04,Newfoundland and Labrador,504081,95
2022-12-04,Prince Edward Island,152694,89
2022-12-04,Nova Scotia,911315,89
2022-12-04,New Brunswick,705056,86
2022-12-04,Quebec,7017520,80
2022-12-04,Ontario,12684588,84
2022-12-04,Manitoba,1159150,82
2022-12-04,Saskatchewan,971939,81
2022-12-04,Alberta,3609940,79
2022-12-04,British Columbia,4587433,86
2022-12-04,Yukon,37075,84
2022-12-04,Northwest Territories,35196,80
2022-12-04,Nunavut,32793,80
2023-01-01,Newfoundland and Labrador,504534,95
2023-01-01,Prince Edward Island,152950,89
2023-01-01,Nova Scotia,913364,89
2023-01-01,New Brunswick,705263,86
2023-01-01,Quebec,7022497,80
2023-01-01,Ontario,12690840,84
2023-01-01,Manitoba,1159727,82
2023-01-01,Saskatchewan,973608,81
2023-01-01,Alberta,3613332,79
2023-01-01,British Columbia,4600969,86
2023-01-01,Yukon,37168,84
2023-01-01,Northwest Territories,35286,80
2023-01-01,Nunavut,32815,81
2023-01-29,Newfoundland and Labrador,504949,96
2023-01-29,Prince Edward Island,153261,89
2023-01-29,Nova Scotia,914010,89
2023-01-29,New Brunswick,705564,86
2023-01-29,Quebec,7021757,80
2023-01-29,Ontario,12696516,84
2023-01-29,Manitoba,1160183,82
2023-01-29,Saskatchewan,975113,81
2023-01-29,Alberta,3616529,79
2023-01-29,British Columbia,4609282,86
2023-01-29,Yukon,37210,84
2023-01-29,Northwest Territories,34887,80
2023-01-29,Nunavut,32782,80
2023-02-26,Newfoundland and Labrador,505165,96
2023-02-26,Prince Edward Island,153389,89
2023-02-26,Nova Scotia,914274,89
2023-02-26,New Brunswick,705756,86
2023-02-26,Quebec,7022891,80
2023-02-26,Ontario,12693484,84
2023-02-26,Manitoba,1160398,82
2023-02-26,Saskatchewan,975958,81
2023-02-26,Alberta,3618415,79
2023-02-26,British Columbia,4611595,86
2023-02-26,Yukon,37309,84
2023-02-26,Northwest Territories,34495,79
2023-02-26,Nunavut,34419,84
2023-03-26,Newfoundland and Labrador,502850,95
2023-03-26,Prince Edward Island,153464,89
2023-03-26,Nova Scotia,914507,89
2023-03-26,New Brunswick,705982,86
2023-03-26,Quebec,7024333,80
2023-03-26,Ontario,12689223,84
2023-03-26,Manitoba,1158894,82
2023-03-26,Saskatchewan,976595,81
2023-03-26,Alberta,3619485,79
2023-03-26,British Columbia,4613061,86
2023-03-26,Yukon,37290,84
2023-03-26,Northwest Territories,34499,79
2023-03-26,Nunavut,34430,85
2023-04-23,Newfoundland and Labrador,502954,95
2023-04-23,Prince Edward Island,153556,90
2023-04-23,Nova Scotia,838424,82
2023-04-23,New Brunswick,706119,87
2023-04-23,Quebec,7027907,80
2023-04-23,Ontario,12683790,83
2023-04-23,Manitoba,1157897,82
2023-04-23,Saskatchewan,977070,81
2023-04-23,Alberta,3620374,79
2023-04-23,British Columbia,4614414,86
2023-04-23,Yukon,37273,84
2023-04-23,Northwest Territories,34499,79
2023-04-23,Nunavut,34432,85
